{
  "hash": "013c0c76",
  "configHash": "4790fbea",
  "lockfileHash": "b19fd024",
  "browserHash": "ceddf3de",
  "optimized": {
    "@angular/core": {
      "src": "../../../../../node_modules/@angular/core/fesm2022/core.mjs",
      "file": "@angular_core.js",
      "fileHash": "da160c19",
      "needsInterop": false
    },
    "@angular/forms": {
      "src": "../../../../../node_modules/@angular/forms/fesm2022/forms.mjs",
      "file": "@angular_forms.js",
      "fileHash": "6df6ffc7",
      "needsInterop": false
    },
    "@angular/platform-browser": {
      "src": "../../../../../node_modules/@angular/platform-browser/fesm2022/platform-browser.mjs",
      "file": "@angular_platform-browser.js",
      "fileHash": "afe2d938",
      "needsInterop": false
    },
    "@angular/router": {
      "src": "../../../../../node_modules/@angular/router/fesm2022/router.mjs",
      "file": "@angular_router.js",
      "fileHash": "95c79479",
      "needsInterop": false
    },
    "@angular/common": {
      "src": "../../../../../node_modules/@angular/common/fesm2022/common.mjs",
      "file": "@angular_common.js",
      "fileHash": "1ef981de",
      "needsInterop": false
    },
    "@angular/common/http": {
      "src": "../../../../../node_modules/@angular/common/fesm2022/http.mjs",
      "file": "@angular_common_http.js",
      "fileHash": "f7de55c0",
      "needsInterop": false
    }
  },
  "chunks": {
    "chunk-I63TZRSD": {
      "file": "chunk-I63TZRSD.js"
    },
    "chunk-GFEVLJK6": {
      "file": "chunk-GFEVLJK6.js"
    },
    "chunk-SJQNNIAA": {
      "file": "chunk-SJQNNIAA.js"
    },
    "chunk-RBFO6OI2": {
      "file": "chunk-RBFO6OI2.js"
    }
  }
}